year,area,country,January,February,March,April,May,June,July,August,September,October,November,December
2019,ASIA PACIFIC ,AUSTRALIAN,95536,67474,83002,90265,98625,110815,123293,118556,124416,119382,105312,110711
2019,ASIA PACIFIC ,BHUTAN,60,30,47,38,31,31,46,67,43,32,56,60
2019,ASIA PACIFIC ,BANGLADESH,2262,2094,2489,2264,1938,4265,2656,2307,2035,2371,2164,2671
2019,ASIA PACIFIC ,FIJI,91,73,72,77,42,62,2656,80,68,78,89,189
2019,ASIA PACIFIC ,HONGKONG,1313,1367,764,6,1,5,2,1,0,11,0,45
2019,ASIA PACIFIC ,INDIA,28755,28809,26340,25438,38629,39922,29728,23552,27496,29229,34372,39759
2019,ASIA PACIFIC ,JAPAN,16245,20665,21337,19878,15774,18697,20467,33474,29367,23411,17722,20183
2019,ASIA PACIFIC ,KIRIBATI,1,0,0,0,1,4,0,2,2,0,2,3
2019,ASIA PACIFIC ,SOUTH KOREAN,14727,14788,10792,12334,14029,18737,23263,23352,19442,21307,18628,21447
2019,ASIA PACIFIC ,MALDIVES,121,87,128,141,27,177,158,116,137,111,135,255
2019,ASIA PACIFIC ,MONGOLIA,753,501,170,196,119,166,145,163,136,165,249,667
2019,ASIA PACIFIC ,MACAU,5,5,10,2,1,3,0,1,2,1,1,0
2019,ASIA PACIFIC ,MOLDOVA,127,78,87,74,83,63,59,60,56,73,120,115
2019,ASIA PACIFIC ,NEPAL,1216,827,1160,861,879,901,1246,1478,1109,2188,1315,1232
2019,ASIA PACIFIC ,NAURU,0,0,0,0,1,1,0,2,0,0,1,1
2019,ASIA PACIFIC ,PAKISTAN,424,274,352,404,170,626,576,416,378,448,688,551
2019,ASIA PACIFIC ,CHINA,113776,122643,89178,94202,93460,103951,111986,109028,98468,87819,78508,80972
2019,ASIA PACIFIC ,PALAU,2,1,2,1,2,0,0,1,9,1,1,0
2019,ASIA PACIFIC ,PAPUA NEW GUINEA,22,14,27,26,23,22,33,29,30,47,23,27
2019,ASIA PACIFIC ,SAMOA,10,5,5,2,4,9,3,7,7,8,12,8
2019,ASIA PACIFIC ,NEW ZEALAND,6548,5191,6645,8089,10046,13414,18273,16458,15538,13751,9132,9199
2019,ASIA PACIFIC ,EAST SOLOMON ,3,11,2,0,5,3,1,2,14,2,4,7
2019,ASIA PACIFIC ,SRI LANKAN,614,684,648,1139,670,589,656,835,925,1103,1040,1116
2019,ASIA PACIFIC ,TIBET,0,0,0,0,0,0,0,0,0,0,0,0
2019,ASIA PACIFIC ,TONGA,6,11,7,8,8,4,9,6,14,17,10,2
2019,ASIA PACIFIC ,TAIWAN,9200,10562,7195,7578,9486,9948,8638,8878,9746,9829,8590,7716
2019,ASIA PACIFIC ,TIMOR LESTE,2063,1485,1801,1931,1963,2756,2476,2866,3040,1957,2293,3067
2019,ASIA PACIFIC ,VANUATU,7,9,54,5,8,4,12,5,3,5,9,4
2019,ASEAN,BRUNEI DARUSSALAM,337,265,276,209,272,195,299,326,311,403,250,531
2019,ASEAN,CAMBODIA,418,614,500,836,1585,530,549,309,821,449,1060,763
2019,ASEAN,LAO PEOPLES DEMOCRATIK/LAOS,88,91,76,145,60,118,120,104,90,117,120,74
2019,ASEAN,MALAYSIAN,10416,14441,15806,13337,15211,13797,11884,14515,17236,16857,17939,23453
2019,ASEAN,MYANMAR,595,546,789,1947,776,625,690,566,762,1358,977,953
2019,ASEAN,PHILIPINES,7144,6897,8185,8797,9610,10549,9637,9132,8614,9674,9678,8985
2019,ASEAN,SINGAPORE,9280,10611,14613,10372,13143,18451,10417,10702,12791,12246,15431,25320
2019,ASEAN,THAILAND,2670,2954,4037,6235,5746,4799,7273,5529,4985,7392,4373,5090
2019,ASEAN,VIETNAM,1076,2161,1424,2750,2804,4490,5239,4461,4004,3743,3577,3749
2019,AFRICA,ALGERIA,121,102,148,175,49,164,422,836,386,362,252,147
2019,AFRICA,ANGOLA,4,8,6,9,2,6,8,26,15,7,20,9
2019,AFRICA,SOUTH AFRICA,2019,1353,2250,3144,2664,4590,2757,2507,4304,2932,3244,8153
2019,AFRICA,BOTSWANA,24,6,17,17,21,18,27,36,42,32,52,61
2019,AFRICA,BENIN,2,2,2,3,6,3,3,20,8,7,3,2
2019,AFRICA,BURUNDI,2,1,1,0,2,3,0,7,1,0,1,2
2019,AFRICA,CAMEROON,1,1,0,0,0,1,0,0,1,1,4,0
2019,AFRICA,COMOROS,2,6,10,12,1,20,6,11,11,8,10,8
2019,AFRICA,CAPE VERDE,12,4,6,15,10,7,23,31,18,9,4,31
2019,AFRICA,CONGO,5,7,2,5,2,5,9,12,15,6,8,18
2019,AFRICA,ETHIOPIA,11,13,5,10,5,17,23,16,17,19,10,15
2019,AFRICA,ERITREA,0,1,1,4,1,4,1,4,1,4,1,5
2019,AFRICA,GHANA,56,64,54,49,49,28,36,60,65,37,55,40
2019,AFRICA,GUINEA,0,0,1,0,1,0,0,4,1,0,1,1
2019,AFRICA,GAMBIA,6,10,2,7,6,8,5,10,6,5,2,5
2019,AFRICA,COTE D IVOIRE/P. GADING,10,14,6,28,12,11,16,33,27,14,15,9
2019,AFRICA,KENYA,191,133,131,189,132,163,136,114,174,157,157,240
2019,AFRICA,MAURITANIA,3,4,3,2,2,3,6,1,5,3,2,1
2019,AFRICA,MAURITIUS,157,184,169,241,171,285,269,250,261,174,476,618
2019,AFRICA,MADAGASKAR,20,21,11,7,19,23,22,20,15,14,8,17
2019,AFRICA,MALAWI,7,4,5,7,6,8,9,9,9,13,4,13
2019,AFRICA,MOROCCO,311,329,394,409,170,541,1076,2277,1066,709,568,415
2019,AFRICA,MOZAMBIQUE,25,13,7,10,9,15,25,28,15,15,14,84
2019,AFRICA,NAMIBIA,20,5,24,32,67,33,27,40,31,49,32,110
2019,AFRICA,NIGERIA,6,13,7,26,8,6,10,23,21,8,4,11
2019,AFRICA,RWANDAN,1,3,5,4,3,6,6,7,5,11,10,9
2019,AFRICA,SENEGAL,9,24,17,21,8,24,13,33,25,11,20,26
2019,AFRICA,SEYCHELLES,19,13,34,13,11,22,9,35,19,39,10,36
2019,AFRICA,SOMALI,0,0,0,0,0,0,0,2,0,0,1,0
2019,AFRICA,SIERRA LEONE,5,6,2,7,6,7,8,8,5,0,1,3
2019,AFRICA,SWAZILAND,22,7,16,29,13,12,29,12,11,33,13,10
2019,AFRICA,TANZANIA,47,51,40,50,37,46,55,44,45,52,36,66
2019,AFRICA,TUNISIA,148,118,289,230,100,268,577,432,400,296,200,234
2019,AFRICA,UGANDAN,45,40,23,37,29,38,25,39,35,22,30,60
2019,AFRICA,ZIMBABWE,78,80,75,127,130,63,131,130,87,131,124,196
2019,AFRICA,ZAMBIA,16,22,13,26,26,22,30,35,33,24,20,36
2019,AFRICA,ZAIRE,0,0,0,0,0,0,0,0,0,0,0,0
2019,AMERICA,ARGENTINA,974,578,754,631,760,511,601,550,624,652,504,593
2019,AMERICA, USA/AMERICAN,17569,15056,22608,22170,24835,26086,26289,23712,26208,23120,22905,25953
2019,AMERICA,ANTIGUA AND BARMUDA,2,1,2,7,4,2,3,8,4,4,9,5
2019,AMERICA,BRAZIL,1602,1215,1629,1733,2141,1791,1793,2069,2046,1933,1650,2376
2019,AMERICA,BAHAMAS,8,4,1,5,8,5,2,3,23,22,11,6
2019,AMERICA,BARBADOS,3,6,11,8,9,3,5,5,19,4,10,7
2019,AMERICA,BOLIVIA,30,20,22,26,29,35,20,30,42,18,17,34
2019,AMERICA,COSTA RICA,50,58,47,50,54,34,50,45,93,60,54,63
2019,AMERICA,CUBA,9,11,4,18,48,50,39,60,77,9,33,74
2019,AMERICA,CHILE,819,1163,746,725,723,528,771,654,766,654,490,563
2019,AMERICA,DOMINICAN,21,18,27,27,20,36,34,41,35,53,22,37
2019,AMERICA,EL SALVADOR,10,18,11,15,32,8,19,23,31,22,31,15
2019,AMERICA,ECUADOR,61,68,59,82,105,68,88,124,83,109,94,96
2019,AMERICA,GUATEMALA,22,16,20,28,33,34,39,12,28,27,28,53
2019,AMERICA,GUYANA,7,8,3,5,4,6,10,0,0,4,6,7
2019,AMERICA,HONDURAS,19,14,29,9,7,10,23,17,23,17,19,25
2019,AMERICA,HAITI,1,6,6,6,8,5,15,12,9,8,3,5
2019,AMERICA,CANADA,5856,5640,6999,6563,7598,4939,5380,5407,5773,6194,6245,7133
2019,AMERICA,COLOMBIA,443,257,406,392,427,348,349,445,452,483,587,585
2019,AMERICA,MICRONESIA,1,0,0,0,2,2,0,1,0,0,0,0
2019,AMERICA,MEXICO,639,575,847,1117,887,902,1038,648,1067,1006,1160,1098
2019,AMERICA,NICARAGUA,5,8,5,9,8,4,12,7,13,7,10,14
2019,AMERICA,PANAMA,24,24,24,26,31,18,32,30,32,50,27,21
2019,AMERICA,PARAGUAY,34,8,17,10,8,14,17,27,22,27,29,14
2019,AMERICA,PERU,144,134,152,141,207,139,167,210,213,201,142,220
2019,AMERICA,SURINAME,0,3,7,5,6,5,12,15,11,16,12,4
2019,AMERICA,SAINT KITTS AND NEVIS,6,15,9,19,7,11,19,26,3,6,8,14
2019,AMERICA,ST. LUCIA,3,3,10,2,3,1,2,1,1,6,2,18
2019,AMERICA,TAHITI,0,0,0,0,0,0,0,0,0,0,0,0
2019,AMERICA,TRINIDAD AND TOBAGO,17,15,14,45,28,23,29,22,36,33,31,31
2019,AMERICA,URUGUAY,119,72,671,258,127,115,89,94,91,68,54,51
2019,AMERICA,VENEZUELA,85,73,63,90,87,84,102,119,85,89,70,74
2019,AMERICA,JAMAICA,17,19,30,34,37,28,34,37,40,27,27,44
2019,EUROPE,AUSTRIA,1056,1160,1082,1470,1327,1511,1511,2859,2324,1885,1334,1281
2019,EUROPE,ARMENIA,90,66,65,56,49,57,57,118,131,122,79,144
2019,EUROPE,ANDORRA,16,8,10,12,19,21,21,30,15,22,10,15
2019,EUROPE,AZERBAIJAN,62,31,90,67,48,69,69,153,89,58,147,170
2019,EUROPE,ALBANIA,63,30,45,55,60,54,54,84,45,70,96,54
2019,EUROPE,BELGIUM,1128,1074,1316,2294,2114,3238,3238,3446,4343,2694,1707,1552
2019,EUROPE,NETHERLANDS,6834,6108,6709,8468,8231,8602,16724,11308,11711,12716,9543,9661
2019,EUROPE,BELARUS,571,616,635,395,422,318,318,354,430,499,585,645
2019,EUROPE,BULGARIA,563,605,570,513,338,324,324,268,338,478,785,678
2019,EUROPE,BOSNIA AND HERZEGOVINA,65,68,93,114,89,102,102,89,94,126,73,66
2019,EUROPE,CROATIA,266,208,235,358,171,311,311,348,263,346,318,423
2019,EUROPE,CZECH REPUBLIC,1483,1875,2348,1890,1175,1197,1197,1198,1598,2215,1997,1986
2019,EUROPE,DENMARK,2144,2696,2985,3652,2117,2192,7090,2196,2337,3345,1715,2184
2019,EUROPE,ESTONIA,609,771,673,338,205,200,200,175,258,518,619,876
2019,EUROPE,FINLAND,1732,2092,1705,1187,1017,1011,1011,579,836,1600,1410,2421
2019,EUROPE,GEORGIA,81,47,20,28,32,33,33,40,45,76,38,39
2019,EUROPE,HUNGARY,859,984,914,933,691,786,786,876,920,1422,897,900
2019,EUROPE,ITALY,2638,2292,2651,3647,3185,3897,3897,17918,5023,4159,3420,3647
2019,EUROPE,UNITED KINGDOM,15559,15806,21372,24500,23261,26538,28544,31265,29501,26537,20557,23818
2019,EUROPE,ICELAND,135,128,188,254,153,153,153,100,207,157,73,247
2019,EUROPE,IRELAND,1282,1147,1472,1840,1734,2250,2250,2685,2109,1946,1695,2325
2019,EUROPE,GERMANY,8436,9784,13657,15490,15484,16991,20027,23611,26693,22988,13031,11286
2019,EUROPE,KAZAKHSTAN,1133,661,806,438,417,549,549,726,497,601,567,1191
2019,EUROPE,KYRGYZTAN,147,132,65,74,61,59,59,66,51,67,68,126
2019,EUROPE,LITHUANIA,489,727,810,560,557,580,580,447,568,868,681,901
2019,EUROPE,LIECHTENSTEIN,5,1,2,10,6,9,9,13,11,16,10,5
2019,EUROPE,LATVIA,350,452,572,258,194,174,174,164,272,415,544,655
2019,EUROPE,LUXEMBOURG,33,43,58,142,66,90,90,325,144,85,60,79
2019,EUROPE,MALTA,45,36,56,103,35,32,32,164,106,67,46,73
2019,EUROPE,MACEDONIA,72,56,68,77,72,92,92,99,103,102,70,65
2019,EUROPE,MONACO,1,1,2,5,2,10,10,17,3,2,4,4
2019,EUROPE,MONTENEGRO,15,13,16,13,11,10,10,18,25,12,16,16
2019,EUROPE,NORWAY,1050,1508,1460,1807,743,2128,2128,1019,1078,1254,1124,1651
2019,EUROPE,PORTUGAL,2174,1678,1529,2595,1901,2419,2419,3305,2719,3094,2181,2892
2019,EUROPE,FRANCE,7830,9570,10685,15897,15831,15645,26864,35942,23658,23742,13195,10116
2019,EUROPE,POLAND,1683,1932,2058,2487,2204,2349,2349,3194,3769,3058,3064,2134
2019,EUROPE,REPUBLIC OF KOSOVO,20,7,9,13,9,9,9,1,1,2,0,0
2019,EUROPE,RUSSIAN,16400,11620,13905,12553,9346,7676,8047,8235,9531,11996,14629,19300
2019,EUROPE,ROMANIA,1160,871,1123,1085,1122,1262,1262,1374,1680,1459,1244,1566
2019,EUROPE,SCOTTISH,0,0,0,0,0,0,0,0,0,0,0,0
2019,EUROPE,SLOVENIA,175,206,145,229,136,201,201,190,254,398,376,424
2019,EUROPE,SLOVAK,507,580,726,733,581,539,539,546,559,796,732,627
2019,EUROPE,SWEDEN,3226,3946,3985,3217,1660,2440,2877,1574,2001,3111,2547,5682
2019,EUROPE,SPAIN,2091,2339,2627,3799,3487,4490,6352,10971,6113,5518,4727,3917
2019,EUROPE,SWISS/SWITZERLAND,1604,1660,1948,3683,2818,2893,2893,3742,3904,4406,2345,2599
2019,EUROPE,SAN MARINO,0,0,0,4,0,4,4,4,1,1,0,0
2019,EUROPE,SERBIA,322,279,267,406,343,354,354,494,591,387,307,356
2019,EUROPE,TAJIKISTAN,24,12,16,13,14,22,22,17,8,32,6,24
2019,EUROPE,UKRAINE,4153,3187,2762,2042,1861,1597,1597,1240,1856,2326,2772,3985
2019,EUROPE,UZBEKISTAN,420,153,122,101,96,146,146,248,134,90,171,317
2019,EUROPE,YUGOSLAVIA,0,0,0,1,0,0,0,0,0,0,0,0
2019,EUROPE,GREECE,392,346,321,476,359,363,363,1163,508,604,746,898
2019,MIDDLE EAST,SAUDI ARABIA,857,646,827,692,155,2701,2213,2514,1120,921,1226,1246
2019,MIDDLE EAST,AFGHANISTAN,3,3,2,2,2,2,9,10,5,5,11,1
2019,MIDDLE EAST,BAHRAIN,38,35,42,56,12,70,127,144,86,57,123,76
2019,MIDDLE EAST,CYPRUS,53,58,48,121,72,90,273,421,133,89,100,151
2019,MIDDLE EAST,DUBAI,0,0,0,0,0,0,0,0,0,0,0,0
2019,MIDDLE EAST,IRAQ,109,103,95,103,40,113,156,257,113,107,151,144
2019,MIDDLE EAST,IRAN ISLAMIC REPUBLIC,283,475,2278,265,373,391,398,656,1003,984,618,435
2019,MIDDLE EAST,ISRAEL,0,0,1,8,0,31,66,15,67,67,4,1
2019,MIDDLE EAST,KUWAIT,185,134,169,216,36,345,350,556,151,137,189,213
2019,MIDDLE EAST,LEBANON,214,172,209,390,297,535,714,891,465,225,274,287
2019,MIDDLE EAST,LIBERIA,0,2,0,0,0,0,0,2,1,0,0,1
2019,MIDDLE EAST,LIBYAN ARAB JAMAHIRIYA,76,79,77,63,23,133,123,114,132,152,147,184
2019,MIDDLE EAST,EGYPT,778,768,1006,1225,392,1585,1546,1592,1392,1383,1243,1082
2019,MIDDLE EAST,OMAN,139,127,78,123,16,239,237,168,135,121,228,185
2019,MIDDLE EAST,PALESTINE,52,50,54,74,29,133,125,98,73,115,97,71
2019,MIDDLE EAST,QATAR,35,27,51,48,10,191,243,258,52,21,36,99
2019,MIDDLE EAST,SYRIAN ARAB REPUBLIK,57,51,65,89,65,121,120,140,92,78,80,100
2019,MIDDLE EAST,SUDAN,119,63,65,80,8,99,78,124,76,51,96,145
2019,MIDDLE EAST,TURKEY,688,529,629,800,638,1299,1069,1016,933,1380,1617,1268
2019,MIDDLE EAST,UNITED ARAB EMIRATES,181,141,229,239,65,438,322,433,203,147,340,297
2019,MIDDLE EAST,YAMAN,77,75,81,58,18,93,76,95,79,68,82,94
2019,MIDDLE EAST,JORDAN,238,155,254,290,97,452,484,564,312,248,322,333
2019,OTHER NATIONALITIES,OTHER NATIONALITIES,2927,196,1370,2215,139,3649,2230,2648,7262,7502,4997,3119
2018,ASIA PACIFIC ,AUSTRALIAN,86658,70946,89466,91007,101840,104960,114590,104010,110792,105895,87344,103575
2018,ASIA PACIFIC ,BHUTAN,20,20,22,25,13,13,26,21,25,26,28,44
2018,ASIA PACIFIC ,BANGLADESH,3153,2067,2805,2554,1286,3166,1555,2226,1719,2116,1897,3500
2018,ASIA PACIFIC ,FIJI,48,57,50,44,51,42,56,101,67,87,56,129
2018,ASIA PACIFIC ,HONGKONG,1679,2721,3483,3432,4171,4356,4160,3202,3584,3360,2636,2075
2018,ASIA PACIFIC ,INDIA,29016,26514,28667,31158,43225,36054,29756,19557,22982,24671,28639,34089
2018,ASIA PACIFIC ,JAPAN,14198,21647,24478,17773,17144,18483,23389,32635,27476,22375,19357,22923
2018,ASIA PACIFIC ,KIRIBATI,2,0,1,1,3,0,0,2,4,6,0,0
2018,ASIA PACIFIC ,SOUTH KOREAN,9009,8975,7847,10354,12399,13172,16838,13983,12812,12542,11686,14574
2018,ASIA PACIFIC ,MALDIVES,85,96,108,128,70,86,90,110,69,81,96,229
2018,ASIA PACIFIC ,MONGOLIA,338,217,186,159,81,70,137,95,93,98,115,594
2018,ASIA PACIFIC ,MACAU,7,16,14,10,13,20,16,7,21,15,5,10
2018,ASIA PACIFIC ,MOLDOVA,93,52,52,57,43,67,55,37,54,67,67,81
2018,ASIA PACIFIC ,NEPAL,1084,739,915,949,685,739,1061,833,759,1526,882,896
2018,ASIA PACIFIC ,NAURU,0,0,0,,44,0,0,6,0,11,1,5
2018,ASIA PACIFIC ,PAKISTAN,267,284,310,524,328,477,720,422,375,345,366,585
2018,ASIA PACIFIC ,CHINA,47090,143567,109939,121840,123251,131525,148166,136424,127336,118130,73822,82873
2018,ASIA PACIFIC ,PALAU,0,3,0,1,0,4,3,3,4,33,1,4
2018,ASIA PACIFIC ,PAPUA NEW GUINEA,66,53,71,102,58,59,85,39,42,41,29,21
2018,ASIA PACIFIC ,SAMOA,6,24,3,6,8,12,3,3,4,17,15,4
2018,ASIA PACIFIC ,NEW ZEALAND,4371,4764,5755,7123,9648,11291,15067,14773,13261,10966,6981,8069
2018,ASIA PACIFIC ,EAST SOLOMON ,0,7,5,7,8,11,5,5,16,7,8,8
2018,ASIA PACIFIC ,SRI LANKAN,944,563,873,1738,857,729,748,778,1264,1248,1220,971
2018,ASIA PACIFIC ,TIBET,0,0,0,,0,0,0,0,0,0,0,0
2018,ASIA PACIFIC ,TONGA,4,2,3,5,8,7,2,8,8,16,7,11
2018,ASIA PACIFIC ,TAIWAN,6323,10467,9197,9776,10041,11534,10367,7344,9024,8043,5763,9081
2018,ASIA PACIFIC ,TIMOR LESTE,2787,2162,2826,2946,2612,2906,3614,3562,3501,3654,3238,3325
2018,ASIA PACIFIC ,VANUATU,0,4,7,6,9,8,2,45,6,7,4,6
2018,ASEAN,BRUNEI DARUSSALAM,256,315,566,450,420,409,318,232,470,361,341,792
2018,ASEAN,CAMBODIA,213,171,276,481,316,265,235,133,248,539,475,493
2018,ASEAN,LAO PEOPLES DEMOCRATIK/LAOS,33,41,0,105,41,80,118,47,68,72,57,84
2018,ASEAN,MALAYSIAN,12938,13984,19733,18332,15698,17378,13747,12970,18236,11351,16212,24689
2018,ASEAN,MYANMAR,367,505,516,2101,730,698,575,394,4,8,6,928
2018,ASEAN,PHILIPINES,4549,5062,7004,8680,9782,8718,7460,6467,6845,7320,7679,9001
2018,ASEAN,SINGAPORE,7762,7932,14514,10684,13208,17098,9022,8144,10148,9742,12739,23842
2018,ASEAN,THAILAND,2798,2332,3363,5695,4697,3983,5596,3396,4109,4665,2582,4762
2018,ASEAN,VIETNAM,817,1769,1320,2940,2035,1827,2541,1709,1545,2088,1208,1524
2018,AFRICA,ALGERIA,120,123,148,262,105,104,410,511,334,241,165,136
2018,AFRICA,ANGOLA,4,7,4,17,4,13,27,8,27,22,2,9
2018,AFRICA,SOUTH AFRICA,1945,1480,2853,2989,2262,3376,2990,2063,3491,2311,1928,6613
2018,AFRICA,BOTSWANA,15,8,13,24,10,13,24,9,23,49,13,43
2018,AFRICA,BENIN,2,5,2,3,4,4,4,3,4,22,0,7
2018,AFRICA,BURUNDI,0,1,0,3,2,0,1,0,0,6,4,2
2018,AFRICA,CAMEROON,1,1,2,10,1,1,1,3,6,31,4,2
2018,AFRICA,COMOROS,6,6,10,5,2,11,7,6,5,11,9,3
2018,AFRICA,CAPE VERDE,15,5,12,7,3,8,12,15,22,12,5,20
2018,AFRICA,CONGO,4,7,1,11,9,3,3,7,6,26,1,2
2018,AFRICA,ETHIOPIA,15,7,13,54,25,18,22,7,24,35,14,21
2018,AFRICA,ERITREA,3,0,2,5,1,6,5,0,2,8,3,6
2018,AFRICA,GHANA,18,39,32,67,37,34,56,48,60,79,35,95
2018,AFRICA,GUINEA,0,1,0,0,0,0,0,0,3,16,0,0
2018,AFRICA,GAMBIA,3,0,6,7,5,6,4,7,10,18,4,11
2018,AFRICA,COTE D IVOIRE/P. GADING,6,8,9,10,7,5,18,17,12,38,13,13
2018,AFRICA,KENYA,166,106,230,179,161,189,239,181,208,275,151,354
2018,AFRICA,MAURITANIA,2,9,15,2,3,3,1,6,2,20,0,1
2018,AFRICA,MADAGASKAR,0,1,1,8,1,4,2,1,10,16,6,13
2018,AFRICA,MALAWI,1,4,2,14,4,7,5,9,9,34,2,16
2018,AFRICA,MADAGASCAN,13,8,20,28,11,15,38,37,11,32,25,0
2018,AFRICA,MOROCCO,223,215,312,425,271,329,647,1254,596,479,304,327
2018,AFRICA,MOZAMBIQUE,36,4,8,30,11,7,14,20,39,40,15,34
2018,AFRICA,NAMIBIA,24,13,16,75,50,23,26,34,21,38,20,77
2018,AFRICA,NIGERIA,3,9,12,76,9,12,12,5,19,108,12,15
2018,AFRICA,RWANDAN,2,0,31,6,1,1,4,6,4,21,2,7
2018,AFRICA,SENEGAL,2,7,15,31,14,9,31,23,20,44,24,21
2018,AFRICA,SEYCHELLES,8,11,28,23,23,14,6,18,24,46,12,39
2018,AFRICA,SOMALI,0,0,0,2,0,0,0,0,0,2,0,0
2018,AFRICA,SIERRA LEONE,4,9,5,14,7,8,9,7,5,18,12,6
2018,AFRICA,SWAZILAND,1,4,0,9,7,6,2,13,9,23,12,31
2018,AFRICA,TANZANIA,43,20,38,67,37,33,39,39,73,57,43,91
2018,AFRICA,TUNISIA,118,131,245,350,185,205,479,478,343,258,204,214
2018,AFRICA,UGANDAN,21,16,22,44,15,30,33,38,64,87,38,66
2018,AFRICA,ZIMBABWE,65,45,83,73,64,81,62,60,60,114,91,122
2018,AFRICA,ZAMBIA,30,20,25,26,16,16,20,20,17,49,27,38
2018,AFRICA,ZAIRE,0,0,0,0,0,0,0,0,0,0,0,0
2018,AMERICA,ARGENTINA,1224,1150,1186,1049,927,618,639,458,533,638,448,481
2018,AMERICA, USA/AMERICAN,13698,16000,20444,21266,21805,21811,23166,18057,19210,19398,18989,22809
2018,AMERICA,ANTIGUA AND BARMUDA,0,0,0,0,1,0,0,0,0,0,0,9
2018,AMERICA,BRAZIL,1594,1451,1604,1985,1968,1656,1723,1641,1889,1666,1412,2405
2018,AMERICA,BAHAMAS,2,5,5,5,16,3,11,3,20,17,5,7
2018,AMERICA,BARBADOS,7,1,4,4,6,6,7,6,23,11,5,10
2018,AMERICA,BOLIVIA,27,28,26,22,21,34,30,19,38,37,15,33
2018,AMERICA,COSTA RICA,51,33,97,50,63,35,48,51,67,76,43,64
2018,AMERICA,CUBA,8,8,13,30,46,54,22,38,28,14,21,23
2018,AMERICA,CHILE,826,1236,847,804,822,715,966,627,753,759,645,590
2018,AMERICA,DOMINICAN,19,19,6,20,16,20,15,29,32,31,43,35
2018,AMERICA,EL SALVADOR,22,18,14,27,15,20,13,12,15,33,22,16
2018,AMERICA,ECUADOR,47,60,70,47,78,71,68,86,68,66,81,57
2018,AMERICA,GUATEMALA,25,20,48,29,15,24,26,17,23,50,24,40
2018,AMERICA,GUYANA,3,2,6,1,2,2,4,1,5,8,3,4
2018,AMERICA,HONDURAS,34,42,29,41,14,25,12,11,6,34,10,9
2018,AMERICA,HAITI,0,2,2,4,6,4,5,4,7,10,3,7
2018,AMERICA,CANADA,4973,6581,7090,6385,6916,4240,5123,4195,4909,5419,4924,5920
2018,AMERICA,COLOMBIA,323,239,408,381,314,268,390,317,397,424,417,528
2018,AMERICA,MICRONESIA,0,0,0,2,0,0,0,0,2,17,0,0
2018,AMERICA,MEXICO,593,576,908,842,873,767,879,517,772,1043,1006,1066
2018,AMERICA,NICARAGUA,26,12,5,8,7,4,3,3,4,18,2,5
2018,AMERICA,PANAMA,42,24,31,56,32,27,33,33,25,44,23,27
2018,AMERICA,PARAGUAY,24,13,16,18,20,16,10,14,9,27,9,15
2018,AMERICA,PERU,137,134,169,192,152,178,175,157,179,156,130,150
2018,AMERICA,SURINAME,5,1,2,7,9,7,12,4,3,15,0,12
2018,AMERICA,ST. LUCIA,2,3,5,1,4,8,1,2,4,9,5,6
2018,AMERICA,TAHITI,0,0,0,0,0,0,0,0,0,0,0,0
2018,AMERICA,TRINIDAD AND TOBAGO,8,27,353,26,28,23,19,18,46,47,27,28
2018,AMERICA,URUGUAY,61,269,438,319,121,69,87,65,82,68,58,66
2018,AMERICA,VENEZUELA,68,119,106,98,78,80,101,79,123,101,83,96
2018,AMERICA,JAMAICA,16,13,23,30,35,22,26,30,40,57,33,50
2018,EUROPE,AUSTRIA,793,1003,1308,1574,1603,1377,3326,2551,2185,1919,1005,1151
2018,EUROPE,ARMENIA,73,113,52,53,33,47,82,75,52,70,96,49
2018,EUROPE,ANDORRA,4,4,13,20,17,15,19,17,12,3,5,10
2018,EUROPE,AZERBAIJAN,59,28,133,76,71,60,78,68,89,60,44,77
2018,EUROPE,ALBANIA,20,29,38,39,41,38,48,71,54,48,42,37
2018,EUROPE,BELGIUM,1006,1211,1753,2493,2267,3287,6120,3924,4598,2532,1712,1361
2018,EUROPE,NETHERLANDS,6409,5993,6064,10104,8670,8135,17811,11479,10908,9208,6373,7363
2018,EUROPE,BELARUS,392,437,449,433,314,251,259,240,247,295,310,396
2018,EUROPE,BULGARIA,596,741,722,675,408,335,310,404,463,405,513,529
2018,EUROPE,BOSNIA AND HERZEGOVINA,48,62,64,84,90,90,88,77,120,94,104,70
2018,EUROPE,CROATIA,233,162,205,214,193,202,273,223,219,239,201,259
2018,EUROPE,CZECH REPUBLIC,978,1497,1904,1995,1200,1279,1225,1040,1693,1829,1364,1440
2018,EUROPE,CHEKO,0,0,0,0,0,0,0,0,0,0,0,0
2018,EUROPE,DENMARK,2256,3258,3748,2679,2189,2425,8904,2475,2346,3052,1580,2048
2018,EUROPE,ESTONIA,1173,1477,916,613,267,266,192,238,258,566,368,569
2018,EUROPE,FINLAND,3216,3060,2548,1417,1224,1512,1108,662,954,1443,1226,2162
2018,EUROPE,GEORGIA,26,17,22,104,27,23,28,31,34,39,28,29
2018,EUROPE,HUNGARY,892,1026,936,880,782,1002,654,704,838,1141,584,725
2018,EUROPE,ITALY,2497,2817,3309,3948,3518,4191,6775,14821,4986,3691,2725,2944
2018,EUROPE,UNITED KINGDOM,14042,16455,22710,21562,24315,25499,28578,29872,27229,24236,16716,19746
2018,EUROPE,ICELAND,99,165,238,127,240,128,157,90,312,180,110,171
2018,EUROPE,IRELAND,1164,1154,1764,1628,1578,2174,2882,2212,2129,1752,1324,1864
2018,EUROPE,GERMANY,6862,9093,15562,14665,17794,14970,19867,22364,24764,19327,10433,10197
2018,EUROPE,KAZAKHSTAN,501,482,590,393,312,421,488,416,300,363,360,691
2018,EUROPE,KYRGYZTAN,97,85,52,49,49,45,38,42,45,48,56,67
2018,EUROPE,LITHUANIA,789,772,819,550,508,441,445,369,485,573,519,597
2018,EUROPE,LIECHTENSTEIN,4,0,11,16,10,10,38,19,13,16,6,6
2018,EUROPE,LATVIA,439,351,421,272,181,161,168,171,205,423,305,290
2018,EUROPE,LUXEMBOURG,26,47,92,163,87,82,248,428,151,117,58,54
2018,EUROPE,MALTA,35,35,69,58,66,86,155,209,105,52,44,64
2018,EUROPE,MACEDONIA,69,91,66,81,85,97,114,71,83,86,54,48
2018,EUROPE,MONACO,0,4,5,15,5,12,15,26,8,8,9,8
2018,EUROPE,NORWAY,1173,1388,2170,1383,1013,2307,3360,1060,1054,1234,926,1155
2018,EUROPE,PORTUGAL,2132,1629,2307,2266,2054,2294,2909,3477,3120,2890,2280,2596
2018,EUROPE,FRANCE,6731,8792,10102,19135,17350,14079,28103,32440,20988,20119,9742,8273
2018,EUROPE,POLAND,1009,1286,1366,1872,1500,2062,2556,2290,3039,2185,1919,1400
2018,EUROPE,RUSSIAN,12989,10750,11954,12291,8152,5786,6050,6112,6927,7799,8493,14575
2018,EUROPE,ROMANIA,839,770,842,933,993,1079,1034,1231,1305,975,811,974
2018,EUROPE,SCOTTISH,1,0,0,0,0,0,0,0,0,0,0,0
2018,EUROPE,SLOVENIA,141,178,163,329,149,181,316,202,199,305,145,171
2018,EUROPE,SLOVAK,490,571,698,944,648,705,534,442,654,703,510,417
2018,EUROPE,SWEDEN,3974,4401,5114,3331,2014,3147,3464,1578,1742,3216,2117,5042
2018,EUROPE,SPAIN,2266,2257,3599,3251,3379,4348,6541,9031,5514,4483,3288,3321
2018,EUROPE,SWISS/SWITZERLAND,1749,1827,2838,3744,3165,2921,8316,3930,4037,4522,2104,2553
2018,EUROPE,SAN MARINO,0,1,3,1,0,0,5,8,4,6,3,6
2018,EUROPE,SERBIA,241,318,284,316,307,390,465,346,428,337,234,340
2018,EUROPE,TAJIKISTAN,25,19,7,13,4,4,6,22,14,16,37,24
2018,EUROPE,UKRAINE,3416,2591,2141,1871,1656,1351,1361,1138,1550,1470,1624,2753
2018,EUROPE,UZBEKISTAN,343,231,148,119,82,90,165,201,100,129,159,289
2018,EUROPE,YUGOSLAVIA,0,0,0,0,0,0,0,0,0,0,0,0
2018,EUROPE,GREECE,324,315,336,542,329,277,430,1075,526,544,523,550
2018,MIDDLE EAST,SAUDI ARABIA,1090,533,500,564,248,1228,1607,1228,629,472,544,882
2018,MIDDLE EAST,AFGHANISTAN,0,3,7,9,18,3,7,5,6,11,9,2
2018,MIDDLE EAST,BAHRAIN,50,33,38,48,28,58,64,59,63,46,37,42
2018,MIDDLE EAST,CYPRUS,58,39,105,84,64,124,220,440,147,115,91,68
2018,MIDDLE EAST,DUBAI,0,0,0,0,0,0,0,0,0,0,0,0
2018,MIDDLE EAST,IRAQ,58,38,70,72,31,87,93,147,120,94,125,77
2018,MIDDLE EAST,IRAN ISLAMIC REPUBLIC,494,512,3953,392,526,537,401,366,451,147,210,241
2018,MIDDLE EAST,ISRAEL,1,3,1,31,21,1,0,56,126,26,4,0
2018,MIDDLE EAST,KUWAIT,203,159,131,168,56,163,273,363,136,150,89,147
2018,MIDDLE EAST,LEBANON,140,120,331,286,223,510,627,611,452,294,214,278
2018,MIDDLE EAST,LIBERIA,0,0,1,1,0,0,0,0,1,13,4,0
2018,MIDDLE EAST,LIBYAN ARAB JAMAHIRIYA,67,44,73,45,21,23,80,62,75,74,62,151
2018,MIDDLE EAST,EGYPT,790,545,881,1346,455,796,1158,1118,1190,1159,844,854
2018,MIDDLE EAST,OMAN,111,79,70,106,15,109,179,107,76,75,93,110
2018,MIDDLE EAST,PALESTINE,63,34,49,67,21,61,92,55,57,49,50,62
2018,MIDDLE EAST,QATAR,75,49,44,60,24,99,129,124,27,47,25,70
2018,MIDDLE EAST,SYRIAN ARAB REPUBLIK,25,27,82,71,36,83,87,86,69,49,84,66
2018,MIDDLE EAST,SUDAN,90,65,43,93,23,103,87,92,91,58,54,146
2018,MIDDLE EAST,TURKEY,899,615,750,960,712,909,1306,1630,979,707,514,521
2018,MIDDLE EAST,UNITED ARAB EMIRATES,170,132,266,264,111,293,375,306,164,151,147,201
2018,MIDDLE EAST,YAMAN,98,49,76,55,23,62,40,52,67,37,60,85
2018,MIDDLE EAST,JORDAN,225,153,236,352,150,260,389,448,283,255,218,254
2018,OTHER NATIONALITIES,OTHER NATIONALITIES,6952,1704,1771,2484,2167,3711,2054,1269,1762,2604,3298,673
